SID,Commentaires éventuels (sur le formulaire ou sur votre appréciation personnelle de l'enseignement),Note enseignement
15896653,l enseignement est de plus en plus difficile j ai des étudiants en ère année de but et j ai trop souvent l impression que je dois me battre pour qu ils travaillent j ai passé des centaines d heures à codes des exercices de programmation en ligne sur moodle à raison d une heure par exercice je n ai pas l impression que cela sera aussi valorisé que la recherche,0
15897993,a ma connaissance mon enseignement n est pas évalué,1
15898762,attention pour être reconnu l investissement pédagogique doit être évalué et pour être évalué positivement il vaut mieux faire ce qui est à la mode ce qui va à l encontre de la liberté pédagogique dans notre université on a plein de message pour faire des approches récentes alors qu on manque cruellement d enseignants la moitié des heures faites par des non permanents avec des thésards responsables de gros modules et aussi une forte rotation,1
15899015,dernière question s il y a et non pas s il n y a c est tout p,1
15899810,quand un jeune me demande si devenir prof de fac est intéressant je lui conseille d aller voir ailleurs les arguments développés sont les conditions dramatiques d enseignement e g les tp par groupes de td la disparition intégrale de toute liberté d organisation personnelle on ne nous a pas encore expliqué comment procéder pour pisser mais ça va venir le mensonge éhonté du on vous recrute pour faire de la recherche alors que les soit disant chercheurs pratiquent en réalité le métier de vrp pour lequel ils ne sont pas bons le fait que la recherche fondamentale est déclarée hors la loi le fait que les directions de thèses se font sous le contrôle de plein de comités théodule à quoi sert l hdr et je ne parle pas de la reconnaissance des actions conduites quand les seuls qui obtiennent les promos sont les individualistes forcenés suffisamment lèche cul pour se faire bien voir de qui il faut,0
15900109,ce n est pas qu un probleme de nb d heures mais il faudrait également noté que comme les ec sont affectés à des composantes il est difficile pour les ec d iut d enseigner en master encore plus difficile de se faire connaitre ou faire connaitre sa discipline de recherche auprés des potentiels étudiants désireux de faire une thèse,0
15902841,je bénéficie d une décharge financer sur projet anr jcjc ans habituellement j ai un service complet avec entre et heures complémentaires,1
15903256,appréciation personnelle aucune option ne me convient je ne souhaite pas arrêter je ne suis pas sûre d aimer autant qu avant j aimerais juste qu on nous donne les moyens de faire et aussi avoir des étudiants qui sont là parce qu ils ont vu de la lumière la reconnaissance a l air de s améliorer avec la ripec,1
15903369,la très forte augmentation du nombre d étudiants sans augmentation du nombre d enseignants dégrade fortement les conditions de travail forte augmentation du nombre d heures complémentaires baisse du nb d heures pour les étudiants manque de personnel d appui le cas de l informatique étant très exceptionnel seule filière en tension qui ne forme pas assez d étudiants pour répondre au besoin des entreprises nous ne sommes pas du tout entendu par les instances de l université qui votent sans cesse des mesures contre productives non paiement des heures supplémentaires au delà de h renouvellement des postes d enseignant chercheurs seulement après an d ater refus d ouvrir un iut d informatique refus de limiter le nombre d étudiants en l informatique,1
15904144,j aime toujours enseigner mais un simple service sans aucune heure complémentaire permettrait de faire mon travail correctement ce qui n est pas le cas mes conditions personnelles km entre mon lieu de travail et mon domicile sans réussite de mutation depuis ans m ont épuisées et m enlève l envie de rester dans le monde académique,1
15904365,beaucoup de charge due à un petit nombre d étudiants procéduriers en augmentation beaucoup de temps passé au suivi des alternants nombre d alternants en augmentation beaucoup de réorganisation des enseignements par une succession de réformes lourdes beaucoup de temps passé à trouver des sous pour des dispositifs pédagogiques innovants beaucoup de temps et d énergie perdus dans le covid,1
15906431,la réforme du but a été absurde et chaotique dans ses lignes directrices prima de la notion de compétence sur les questions pédagogiques et les questions d organisation pédagogique absurde et chaotique dans sa forme l arrêté lp but et les programmes des spécialités de but sont des usines à gaz d un niveau de complexité et d illisibilité rarement atteints absurde et chaotique dans sa gestion par le ministère le programmes des spécialités de but ont été réalisé par étapes successives chaque étape bloquant les décisions des étapes suivantes alors que nous n avions aucune visibilité sur les conséquence des choix réalisés à chaque étape avec pour conséquence inévitable des programmes mal fichus la réforme du but a gravement dégradé les conditions de travail dans les iut plus de travail d encadrement pour moins d heures devant étudiants donc plus de travail pour moins de rémunération but devant être mis en place à moyens constants donc par des équipes n ayant pas les forces pour gérer cette année supplémentaire la réforme du but a gravement dégradé la cohésion nationale des iut qui pourtant fait tout leur intérêt et toute leur force pourcentage d adaptation locale trop important programmes tellement illisibles et mal fichus que chaque département est obligé de se créer localement sa propre interprétation divergente la réforme du but a gravement dégradé la motivation des équipes sentiment de perte de sens et de affaiblissement du cadre de cohésion nationale des iut auquel les équipes sont très attachées,0
15906767,je suis en délégation cnrs pour fonctions institutionnelles à mi temps d où la décharge de service de h et le nombre important de mois de délégation,0
15907948,j aimerais ne plus avoir à faire des heures complémentaires,1
15908558,j aime toujours enseigner mais j aime de moins en moins le temps passé à batailler pour les emplois du temps les notes finales des ues à calculer soi même etc,0
15909012,constat principal de trop d heures d enseignement j ai été chargé de mission puis vice président ans je n ai jamais pu bénéficier de ma décharge d enseignement h car il fallait faire tourner les formations ou ne pas avoir de solidarité avec mes collègues de ma spécialité sur lesquels allait retomber mes heures pas assez de professionnels externes disponibles nuance enseigner ne m a jamais dérangé je ne compte pas mes heures car il faut former les jeunes mais je préfère la recherche plus stimulant,0
15909225,dans le tableau qui suit la question nombre d heures complémentaires en moyenne ces deux dernières années il n est absolument pas question des deux dernières années mais de cette année et des cinq dernière années quelqu un a t il relu ce questionnaire dans la question dans evaluation de vous enseignements au delà du vous que signifie évaluation ici relations et nombre sont des choses très différentes et qui ne sont pas liées par exemple si j ai de très bons rapports avec les membres de l équipe pédagogique mais qu un manque très important de bras dans cette équipe rend les conditions d enseignements très difficile que fait il répondre que signifie les réponses aux deux dernière questions concernant les responsabilités ce n est pas clair du tout est ce que ça veut dire si vous avez ces responsabilités ou si vous avez eu ces responsabilités alors mes conditions pour les exercer sont c est ainsi que je les ai interprétées que veut dire responsable de filière j ai répondu nspp car je ne sais pas si je suis concerné en plus on ne sait pas si ça concerne le présent ou le passé même récent,1
15923772,malgré de très bonnes conditions perte de l envie d enseigner aucun soutien de la part des différentes directions recherche formation tensions entre les services système d information qui se dégrade aucun support informatique pour la pédagogie on constate même un retour en arrière sur de nombreux aspects notamment sur les systèmes d infos,0
15924028,l impression générale est que l investissement dans l enseignement est à perte d un point de vue évolution de carrière toute expérimentation dans l innovation pédagogique se heurte à une incompréhension voire incompétence des responsables de notre dsiuniversité,1
15924241,je dispose d un aménagement de poste de travail pour travailleur handicapé raison pour laquelle je ne fais pas d heures complémentaires,1
15924584,dommage que j aime enseigné soit incompatible avec je conseille à quiconque comme si l idée initiale était d avoir je déconseille,1
15924778,le mélange relation nombre dans les points equipe pédagogiquetechadm est étrange les relations sont bonnes mais les bras manquent,0
15924853,les taches administratives se sont multipliées au cours des années les lourdeurs des processus administratifs ont été décuplés le dictat des rh des services financiers des régulations européennes et des lois sur le travail les contrôles et évaluation multipliés à tout les niveaux ont rendu la vie de l enseignant que je suis un véritable calvaire les vacataires indispensables pour compléter nos besoins en enseignements partent les uns après les autres car il attendent des mois voir des années avant que leur travail ne soit payé et pour un salaire de misère les lois réglementations restrictions divers et variés sur le travail impossibles à connaitre toutes car en perpétuels changements rendent leur recrutement une tache à plein temps pour h enseigné ces sont des jours de travail qui incombent aux responsables de formation et de filière pour arriver tant bien que mal à boucher les trous et tout recommence l année suivante quand ils découvrent qu ils doivent attendre mois pour percevoir un dédommagement ridicule ce serait indécent de parler de salaire et qu ils abandonnent il est devenu quasiment impossible d enseigner une part grandissante de mon temps est consacré à ces taches et m écartent complètement de ma mission d enseignement quand à la recherche on en parle plus il a fallu faire une croix dessus c est terminé l hyperadministrativité est la règle à tout les niveaux et partout et ça aboutira à la destruction de ce qui reste du système éducatif et universitaire français déjà très largement engagée il y a de nombreuses années,1
15927297,il faut prendre des responsabilités ce sont toujours les mêmes personnes qui sont sollicitées mais quand on veut monter en grade il nous est reproché de ne pas avoir un dossier recherche digne d un dr,0
15927511,les relations élèvesenseignants ont changées les élèves étant plus consommateurs d une prestation de service l évaluation des enseignements poussée par la cti et la direction des écoles pousse également dans cette voie des élèves ayant des difficultés ou des remarques sur un enseignement ont tendance à ne plus en parler avec l enseignant concerné mais à attendre les évaluations des enseignements ou à en référer au directeur de département sans essayer au préalable un dialogue avec l enseignant cette déresponsabilisation de l enseignant induit en retour une baisse de motivation de ce dernier,1
15927660,j aime enseigner mais je sais que mon investissement en enseignement se fait au détriment de ma carrière et de mon investissement en recherche,0
15928334,j aime encore enseigner mais j aime encore plus la recherche,1
15929327,mon engagement décroit d année en année les charges administratives liées aux formations prennent tellement de place que cela instaure un dégoût global du métier avec cette petites phrase qui revient souvent mais ce n est pas pour ça que j ai signé,1
15933511,on fait de plus en plus d administratif dont secrétariat emploi du temps surveillance d examens listings,1
15936036,je n ai que h d enseignement en plus de ma position inria,0
15936522,les équipes administratives et techniques se réduisent d année en année reportant une partie de la charge sur les enseignants chercheurs,1
15936532,intérêt d enseigner à des étudiants qui ne savent la raison d être de leur étude attendu qu on fasse pour eux ne lisent pas n analyse pas sont incapable de doute ou de questionnemnet et il faut évaluer par les compétences sans opportunité de suivi régulier des tutorats qui se limite à être en jury sans possibilité de savoir ce qui est fait quel formatif incohérence des demandes et des moyens et de la réalité valeur du diplôme quand on vous dit monter les notes,0
15936596,pour le support administratif il est de très bonne volonté mais n a ni les moyen humain ni la marge de manuvre pour aider,0
15936617,attention gérer une équipe pédagogique n est pas toujours une tâche pédagogique il n y a rien de pédagogique à faire de la rh pour recruter des vacataires et s assurer qu ils soient payés dans beaucoup de nos universités cette tâche intrinsèquement administrative revient aux ec qui gèrent ces équipes il n y a pas de personnel administratif pour ça pareil ce qui vous appelez le support il est très limité dans beaucoup d universités loins des grands centres de recherche,1
15936768,j aime toujours enseigner mais j aemerai pouvoir me limiter à un service normal h y compris les heures de responsabilités pédagogiques,1
15936801,réforme du bac et parcoursup ont entrainé des profils beaucoup plus hétérogènes qu avant sensation également de subir une augmentation importante des formalités administratives la recherche est devenue une variable d ajustement ce qui est insupportable,1
15936851,je suis écoeuré d un métier que j ai pourtant toujours aimé tous mes cours et corrections sont maintenant en vidéo merci à la covid et c est très bien ainsi j arrêterai l enseignement dès que je trouverai une opportunité vous auriez aussi pu ajouter des questions sur la perception des enseignants par la société vos voisins et votre famille,0
15936966,plus d un double service depuis ans avec charges administratives de directeur des études je fais ces heures complémentaires car nous n avons pas assez d enseignants mais c est au détriment de ma recherche qui est devenue quasi inexistante faire des heures comp ne me dérange pas ni faire plsu d enseigneùent que de recherche mais en l état actuel je n ai pas le temps de faire de la recherche et je ne peux éthiquement pas faire semblant d en faire en ne faisant qu encadrer des étudiants et co signant des papiers,1
15937326,c est bien les relations avec les étudiants et les collègues qui me font rester,1
15937412,le problème majoritaire que j y vois est le manque d investissement global de certains collègues répartissant la charge sur ceux qui veulent faire fonctionner l institution,1
15937555,les moyens financiers sont là mais il y a un manque cruel de moyens humains cela oblige a faire des heures ou à neutraliser des ue j essaye de limiter mes hc et je suis reconnaissant envers les collègues qui en font specif devrait se sensibiliser aux nombres déraisonnable de contrats ater cdd d enseignement en il faut mener une action nationale les permanents font des heures comp en masse et doivent en plus faire chaque année du coaching sur les non permanents,0
15939800,plus le temps passe moins j aime enseigner alors que c etait mon moteur principal le manque d effectif de permanents a fini par m user je pense l impression d etre seul dans ma discipline marre de jongler pour trouver des intervenants extérieurs pour éviter le naufrage d une formation marre de faire des heures supp que je ne désir plus mais que je suis le seul a pouvoir faire etc je fais de mon mieux pour faire des cours de qualité cela prend du temps mais n est pas reconnu personnellement je me moque de l aspect financier je ne fais mes heures sup que parce qu il faut bien que quelqu un les fasse et que les volontaires ne cours pas les rues je ne peux pas durablement pour le moment j y arrive en prenant sur mes nuits faire a la fois une recherche de qualité tout en faisant plein d heure sup tout en gérant les responsabilité d ue et de formation tout en tant me mettant a faire le travail de la scol qui nous externalise de plus en plus son travail etc globalement je trouve que les moyens ne sont pas au rendez vous des enjeux de l enseignement universitaire c est tout simplement déprimant a la longue au lieu de faire bien j ai l impression qu on essaye juste en permanence d éviter que tout d écroule ca use,1
15940472,l individualisation des parcours mobilité internationale etc rend la gestion d une grande masse d étudiants de plus en plus difficile le manque de personnel administratif en soutient implique que de nombreuses tâches administratives sont réalisées par des enseignants chercheurs,0
15940754,je fais toujours un service prévisionnel à h par principe je considère que ce n est pas à moi de pallier les carences de postes et de financement de l esr au final mon service est toujours à h environ du fait de remplacements encadrement de stages non prévus etc je considère que mes conditions de travail sont très bonnes en école d ingénieur même si nous manquons cruellement de personnel technique par exemple j ai une décharge de h comme chargée de mission pour une mission qui me prend largement plus que cela et j ai été au cnu donc je sais qu au niveau national au moins l investissement pédagogique est valorisé,1
15942750,les décharges étant diverse j ai mis h en moyenne pour couvrir les décharges de jeune mdc puis et de responsable anr sur ans je n ai par contre pas mis les décharges pour responsabilités pédagogique pendant ans soit h sur ans j ai aussi triché sur les heures complémentaires j ai compté h de complémentaires années avec décharges que je ne faisait pas payé remplacements de dernières minutes généralement il manquerait un item dans le questionnaire sur les nouveau cours en informatique il est très lourd de monter un cours livres et connaissances obsolète td et tp à écrire etc cela est très peu voir pas du tout considéré,0
15943049,avant d avoir une décharge je tournais à heures comp minimum pour des raisons diverses compétence dans les domaines intérêt pour l enseignement manques de bras complément de salaire des heures comp,0
15943385,j aime toujours enseigner mais j aimerais pouvoir rester à pile et surtout que les crct soient de droit an tous les ans ou ans tous les ans,0
15943658,la gestion de formation se complexifie face un manque chronique de moyen enseignants et locaux du fait du découragement progressif des équipes,1
15943722,ce n est pas la présence devant des étudiants qui fait la charge de travail mais tous les à côtés d organisation le moindre déplacement de cours pour mission prend facilement h de contact avec différentes personnes les emplois du temps sont baroques on ne trouve jamais de temps pour discuter du fond entre collègues,1
15943773,j aime toujours enseigner mais un service statutaire avec décharges pour responsabilités pédagogiques me permettrait d être réellement actif en recherche,1
15944200,nous sommes maltraitants comme les hôpitaux trop d étudiant es par enseignant e nous laissons passer de mauvais éléments techniquement et humainement mais surtout nous ne sommes pas disponibles pour rattraper des étudiant es qui sont en demande de supportsoutiendont la situation personnelle est trop difficile pour continuer sereinement leurs études je regarde avec envie mes collègues enseignant en suisse qui peuvent assurer parfaitement un nombre réduit d étudiants ayant fort peu d heures d enseignement et de cours différents à enseigner,0
15944545,manque de postes criant les heures statutaires couvrent environ des heures à faire ce qui surcharges les services oblige à gérer de nombreux vacataires à fermer des filaires qui tournent empêchent les collègues de demander des crct ou des délégations on a a un ration d environ étudiants par ec alors que des disciplines voisines physique sont proches de ou,0
15945321,le nombre d heures complémentaires en moyenne ces deux dernières années ne me semble pas une notion claire d autant plus que les réponses attendues sont cette année et ces cinq dernières années j ai donc indiqué pour la première le nombre d heures complémentaires faite cette année et pour la deuxième la moyenne sur cinq ans du nombre d heures complémentaires faites par an,0
15945512,l enseignement est la raison pour laquelle je suis dans ce métier sans les cours bientôt à la retraite j ai peur de comment je vais pouvoir m adapter,0
15946732,j aimerais faire le même volume horaire mais réparti sur moins d ue distinctes et que ces ue soient moins superficielles,1
15947295,réponses au hasard,1
15947328,trop d enseignements des responsabilités de master très consommatrice de temps une rémunération correspondante de heqtd pour un investissement administratif qui se compte au triple à minima,1
15947551,je suis en poste dans une école d ingénieurs dans laquelle je n ai pas d obligation statutaire de donner hetdan je n apprécie pas particulièrement car les services se font donc au cas par cas ce qui crée des inégalités au sein de l institution mais dans mon cas particulier j ai un service plus proche du demi service,1
15947632,l enseignement n est pas assez reconnu dans notre métier la recherche est mis en avant,1
15947666,il n y a presque aucun lien entre mes compétences et ce que j enseigne,1
15947673,attention la gestion d une équipe pédagogique ne tient pas du pédagogique la plupart de temps on passe notre temps à faire la rh à recruter des vacataires à poursuivre les services administratifs pour qu ils soient payés à être dans un dialogue constant avec l administration pour trouver des salles à faire du cache cache avec les enculés de la cgtcfdtfo et autres bons à rien qui motivent les étudiants à bloquer les universités et j en passe les meilleurs tout ces activités ne relèvent pas de la pédagogie mais malheureusement sont considérées comme tel pour notre cher cnu,1
15947705,suite à la mise en place du but les enseignements sont très fragmentés durant cette année universitaire j interviens dans ressources modules d enseignements et sae mis en situation d apprentissage et d évaluation bilan nous avons encore plus de corrections copies de ds projet travaux maison la direction des études nous demande de réaliser deux évaluations par ressource indépendamment du volume horaire des ressources qui peut être de l ordre de h la coordination et d animation des équipes pédagogiques est de plus en plus chronophage au moins réunions par an par équipe les sae sont pluridisciplinaires se qui complexifie leur organisation sujet commun accord sur le barème,1
15947829,merci,1
15947934,le problème dans l équipe pédagogique ce n est pas les collègues en eux même c est le nombre qui diminue sans cesse les gens ne souhaitent plus s impliquer et ceux qui sont en place veulent s arrêter mais il n y a personne pour reprendre,0
15948332,le problème n est pas l enseignement en soi sympa sensé agréable mais la technocratie de marché les démarches de pinaillages budgétaires pour dépenser l argent qu on est allé chercher le fait de ramper devant chaque éternuement d une agence d accréditation pour l interpréter comme on lisait dans les os de poulet le développement des postes d enseignement sur ressources propres difficiles et chronophages à recruter former garder leur faire des services délirants de h à bac constater les bus entiers de personnels de l établissement qui sont financés par les ressources propres de type alternance constater que le gouvernement nous met en guerre commerciale avec des établisssements privés dont il promeut le développement pour des raisons idéologiques la croyance dans le marché de l enseignement comme gage de qualité et pratique contenir la dépense publique vers les établissements publics ces derniers éléments retentissent fortement sur le travail quotidien pour qui prend la peine de décoder un peu ce lien,0
15948458,les étudiants tendent à devenir de plus en plus consommateurs d une prestation de service les évaluations des enseignements en école d ingénieur tendent à renforcer cet aspect on note un enseignement comme un restau ou une pizza livré à domicile de plus les étudiants qui peuvent avoir un problème ou des questions avec un enseignement ont tendance à ne plus s adresser aux enseignants mais directement à l administration ou au directeur de département les deux réunis tendent à déresponsabiliser les enseignants qui font un cours sans forcement de retour sinon un formulaire global en fin d année de plus du fait des départs en stages des étudiants de mon service est fait au premier semestre c est bien par ce que je suis libre au second semestre par contre il est très compliqué de faire survivre les activités de recherche au premier semestre en attendant d avoir le temps de s en occuper au second un meilleur équilibre serait donc souhaitable mais est compliqué à obtenir du fait du départ précoce des étudiants,1
15948520,trop de redondance dans les enseignements trop d interventions ponctuelles h par ci h par là pas assez d heures par ue pas suffisamment de temps libre laissé aux étudiants pour travailler par eux mêmes lire,0
15948611,élitisme de la recherche,0
15948662,j aime toujours ce métier et je suis toujours très très investi dans l enseignement mais la reconnaissance institutionnelle est absolument inexistante heureusement que c est ni pour ça ni pour les thunes qu on fait ce qu on fait,1
15948772,la gestion des enseignements est compliquée avec des scolarités pas toujours présentes,1
15948871,suis disposé à enseigner l informatique en région parisienne sud pendant ma retraite basile starynkevitch mail perso basilestarynkevitch net,1
15949046,j aime enseigner mais pas dans les conditions actuelles,0
15949092,je sais que sur un questionnaire il n est pas possible de rendre compte complètement de toutes les réalités mais il n est pas toujours facile de positionner une réponse,0
15949293,tout le département est en sur service systématique mais on n embauche que des précaires pas les moyens réfléchir en collectif sur la pédagogie on repasse en amphi magistral dans des cours où la pédago est essentielle pour économiser des heures infrastructure existante et contraintes administratives pour la gestion des stages complètement à côté de la plaque les étudiants saisissent leur convention en triple outil de suivi bricolé au cours des années par un collègue,1
15950441,il y a les heures comptabilisées et les heures gratuites que l on est bien obligé de faire par exemple un suivi de mémoire de master info est compté h sur deux ans alors que cela demande plus de h sur ces deux ans un suivi de projet payé h demande au minimum h une réunion par semaine l ue mémoire est imposée par l univ mais les moyens ne suivent pas,1
15952237,trop d heures et pas assez de collègues pour les effectuer,0
15952358,nombreuses heures complémentaires nécessaires dûes à l augmentation du nombre d étudiants sans évolution du nombre d enseignants impact négatif sur la qualité de l enseignement dispensé et sur les autres aspects des missions des enseignants chercheurs de plus multiplication des nouvelles demandes pédagogiques à effectifs réduits oui si étudiants en situation de handicap eur etc qui demandent une implication pédagogique accrue mais sans moyens supplémentaires pour compenser la hausse des charges,1
15953496,le plus lourd c est que ce soit l administration qui dirige et non la pédagogie et la situation ne fait que s aggraver de plus en informatique nos enseignements doivent être adaptés sans cesse cet investissement pour suivre les évolutions technologiques et scientifiques est totalement omis de toutes les évaluations il est même considéré sans valeur alors qu il est essentiel pour donner un métier d informaticien aux étudiants qui a leur tour devront sans cesse apprendre à maitriser de nouvelles technologies et concepts,0
15953559,chef de dpt depuis ans relation avec l université exécrable,1
15954262,il y a une grosse lourdeur administrative de tâches peu voir non liées à notre métier mise au point des emplois du temps ordres de missions redondants à demander labo ufr certaines tâches perdent de leur sens plateformes de candidatures en licencemaster la reconnaissance de l investissement pédagogique passe en premier lieu par la massification des filières au travers d appuis sur les outils numériques sans réflexion très aboutie sur le sujet,0
15956930,beaucoup de stresse et de fatigue,1
15957551,j aime toujours enseigner mais j aimerais ne pas faire d heures complémentaires je les fais pour que les étudiants ne soient pas impactés par le manque de postes,0
15958368,très faible niveau des étudiants et faible investissement de leur part promotions gigantesques ratio enseignants permanentsvacataires trop faible pour avoir de vrais projets pédagogiques,1
15958788,l équipe enseignante est sympathique mais pas assez nombreuse,0
15960293,il manque un choix à la question précédente genre un seul service me suffirait,1
15960573,la réforme de dut vers but a entraîné des surcharges d enseignement et des tensions dans les équipes pédagogiques la pedr ne bloque plus les heures supplémentaires il n est plus possible de refuser les heures,0
15961774,burn out survenu il y a mois,1
15961795,le métier d ec est un métier à multiples facettes qu il semble impossible de toutes exercer correctement,1
15961989,j apprécie la partie enseignement de mon travail j y consacre surement trop de temps et d investissement,0
15962346,la surcharge d heures d esnseignement est dûe essentiellement à un manque de postes des personnels en arrêt maladie long les évaluations des enseignements ne sont pas très prisées par les étudiants peu de retours car le nombre d évaluations par semestre est jugé chronophage,0
15962356,dans notre université nous avons globalement de bonnes décharges pour nos responsabilités mais tout investissement pour offrir un enseignement ou une formation de qualité dans le cadre de nos responsabilités ou non n est en revanche pas reconnu adapter ou créer des supports de courstdtp reprendre l organisation d un cours ou d une formation interagir avec les étudiants etou l équipe pédagogique etou l équipe administrative discuter avec les départements d enseignement pour rester cohérent avec l offre globale de formation veiller à ce que nos enseignements s inscrivent bien dans l offre globale de formation etc ce type de tâches peut nécessiter beaucoup de temps mais n est pas reconnu,0
15962508,la situation actuelle dans mon département est toxique avec des enseignants dont je fais partie en grande souffrance une difficulté extrême à faire notre travail du fait d un management déployant des techniques d intimidation et de harcèlement tous cela devant un iut et une université conscients du problème mais incapables de protéger leurs personnels cela conduit à une démotivation pour l enseignement et à une incapacité de se projeter dans mon métier que j estimais être le plus beau du monde mais qui n est que souffrance depuis près de ans,0
15962686,les eur ont mis à leur tête des dr cnrs ne connaissant rien à l enseignement à la gestion de cursus et d étudiants mais ils savent tout moralité c est un bordel sans nom avec très peu de visibilité et c est dirigé de facon plus ou moins dictatoriale tout est devenu nettement plus compliqué et les étudiants brillants s en vont,1
15962964,en tant que vp je pourrais ne plus enseigner reconnaissance horaire service statutaire mais je fais encore environ htd à la fois par intérêt pour l enseignement et pour ne pas trop charger les collègues en heures complémentaires,1
15963471,changement important dans la mentalité des étudiants depuis ans ils ne cherchent pas à apprendre mais à juste valider un diplôme,1
15963808,je suis coordinatrice du département informatique de l ufr j assume les responsabilités quand je ne trouve personne je suis responsable de la mention licence informatique cette année je suis chargée par mon université d autres responsabilités,0
15963938,pour les heures comp je n ai compté que les heures de cours ou d encadrement pas les primes pour responsabilité,0
15964076,le controle continu c est bien pour les étudiants mais ce augmente beaucoup la charge de travail pour les enseignants,1
15964500,j adore mon métier d enseignante chercheuse mais je ne supporte plus la manière dont on le fait le manque de moyen matériel matériel vieillissant manque de bras pour le maintenir etou le changer le manque de personnel enseignants techniciens administratifs le manque de reconnaissance de notre employeur l université le manque de soutien du laboratoire recherche permanente de l excellence pression de publications de prix cas personnel burnout depuis mois,1
15964594,j aime beaucoup enseigner je n ai jamais demandé de délégation ou de détachement mais enseigner un peu moins ne serait pas de refus,0
15966403,le formulaire n est pas toujours très clair quand la question est à caractère négatif par exemple charges administratives je pense qu elles sont chez moi en grande augmentation j ai mis pour très dégradé mais c est ma situation vis à vis de ces charges qui est très dégradée et non pas les charges qui elles sont florissantes et méritent,1
15967460,la forte augmentation des effectifs sans recrutement depuis ans rendent le nb d heures supplémentaires insupportable de même secrétariat pédagogiques n arrivent plus à faire face et doivent être suppléées par les enseignants et enseignants chercheurs,0
15967690,on pourrait discuter de l explosion de la charge des correction avec le passage au contrôle continu,1
15968483,locaux et matériels n ont rien à voir locaux des années et matériel neuf,1
15970716,malgré des conditions plutôt favorables il m arrive encore d avoir du mal à concilier mes diverses tâches et responsabilités avec le volume d heures d enseignement qui m incombe,0
15971034,le problème c est surtout le manque de temps pour l enseignement occupé notamment par la recherche perte de sens élèves déjà très favorisés socialement peu motivés,0
15972257,la lourdeur administrative s est accentuée avec les évaluations hceres je suis responsable de mention et les charges administratives du laboratoire,1
15972833,un demi service me suffirait mais il m arrive de me dire aussi que si il y a moyen d enseigner cela m intéresserait,0
15972889,nomination cette année pas de mentorat mis en place pour prendre en main les outils pour les enseignements aucun support récupérable de l année précédente très gros travail pour tout mettre en place donc avec tout mon service d enseignement au premier trimestre l année de recrutement,0
15973975,il est difficile de répondre à la dernière question un demi service suffirait mais ça revient plus ou moins à un service sans heures complémentaires intervenant dans une formation par apprentissage il y a un certain nombre d heures de tutorats académiques et cette charge n est pas négligeable,1
15974227,je n enseigne plus que les mathématiques le niveau des étudiants en informatique dans mon université étant trop faible,1
15974256,on doit remplir des formulaires pour tout tous les jours pour partir en mission pour déclarer un soucis technique pour déclarer des heures de services pour recenser les heures d encadrement des collègue en tant que responsable de filière pour évaluer les candidatures des étudiants à nos formations pour soumettre des projets afin d avoir des financement à des fins de recherche etc etc les enseignements étant incompressibles tout cela empiète sur une chose notre activité de recherche,0
15974446,hetd sans compter les heures sup et les responsabilités administratives n est pas compatible avec de la recherche de haut niveau injonction contradictoire,1
15974607,l iut a été piraté rançon donc plus de machines depuis mi décembre au moins pour mon enseignement,1
15974676,j aime toujours enseigner mais je fatigue ce qui est lourd ce sont les responsabilités d enseignement j ai été responsable de filière de à fin janvier on peut se passer d un enseignant qui fait défaut au pire on annule la matière mais on ne peut pas se passer des responsables d années de recrutement de filière etc on subit beaucoup de changements réglementaires fusion des universités loi sur l apprentissage évaluation par compétences ça prend un temps hallucinant,0
15975117,la reconnaissance de l investissement pédagogique souffre d une forte différentiation entre certaine fonctions officielles où les responsables n effectuent pas forcement un travail conséquent et les personnes qui s acharnent à la tâche sans réelle reconnaissance ex selon la personne un responsable d année peut aller de quelqu un signant juste les pv à une personne qui organise l ensemble des enseignements et gère les problèmes liées aux manque d effectif du soutient administratif,0
15975590,il y a moins de permanents dans les équipes pédago plus de vacataires ce qui diminue la qualité on nous a forcé à éliminer les formations théoriques e g le dea pour remplacer par de cours de technos applications mobiles sur iphone on forme aujourd hui des ingés quasiment exclusivement,0
15978390,j ai globalement de bonnes conditions d enseignement mais l enseignement ne m intéresse pas,0
15979103,h,1
15979412,l organisation de l enseignement devrait tenir mieux compte des contraintes de la vie ex enfants en bas age protéger de façon globale le temps de recherche entre collègues pas moyen de trouver un temps commun dans des horaires de bureaux raisonnables,1
15979818,concernant les équipes techniques et administratives il ne s agit pas des personnes compétences et motivées mais leur faible nombre pour les collègues sur place et de l aspect éthéré des services plus éloignés,0
15981052,le manque de recrutement d enseignants alors que le nombre d étudiants augmentait fortement a un impact considérable sur les services avec au final l obligation de faire des heures supplémentaires en parallèle il est à noter la grande difficulté à faire appel à des vacataires ou même des mcf cdd à cause de la faible rémunération offerte par l établissement en comparaison des salaires du privé en informatique,0
15982052,concernant les mois de decharges crct j ai ete ans a l iuf je ne sais pas comment compter cela,0
15983539,en fait je suis travailleur handicapé taux de handicap entre et mon bureau et dans l école d ingénieur où je fais beaucoup de vacations mes cours ont lieu dans des salles qui donnent sur le pallier de l ascenseur conduisant à mon bureau tout ce passe bien etant rattaché à l ufr je dois prendre ma voiture pour aller faire cours ou td je fais les tp en visio sur décision médicale j ai demandé à mon doyen de faire moins de h à l ufr pour raison de santé j ai obtenu un refus et sa solution est l arrêt des enseignements à l école d ingénieur,0
15988800,j ai rempli ce formulaire sur la base de mon activité avant ma décharge totale liée à ma fonction administrative qui a démarrée il y a ans,0
15990876,l enseignement me plaît mais il y a beaucoup trop d étudiants faibles ou pas investis,0
15992737,les charges admistratives coulent le systeme,0
15994886,j ai eu une année de délégation en suivis de années de délégation à l iuf puis une erc qui m a donné droit à une décharge identique à l iuf de service ce sont ces décharges que j ai comptées car la délégation iuf ne se traduit pas en mois,1
15998948,j aime enseigner mais pas faire toutes les charges administratives associées à l enseignement ces charges etant de plus en plus importantes et chronophages et pas reconnues,1
15999970,je ne dirai pas non à max h d enseignement les conditions font qu il y a de moins en moins d étudiants motivés et l absentéisme si élevé qu on se demande si mettre des règles plus strictes ne serait pas mieux pour concentrer les ressources sur les plus motivés,0
16000497,la charge de l administration de l enseignement et le suivi des étudiants prennent de plus en plus de temps malheureusement aucune de ces deux activités n est véritablement reconnue la mise en oeuvre de travaux pratiques est elle aussi très consommatrice de temps sans aucune aide technique,1
16017684,avec les outils disponibles pour le grand public on voit un changement très important dans la manière d aborder l apprentissage la salle de cours n est plus de tout respecté et l enseignant dedans non plus les incivilités sont au rendez vous,1
16019947,j ai rempli le mais je ne comprends pas les intitulés par exemple charges administratives où il faut une réponse du type très bonnetrès favorable je ne comprends pas ce que ça veut dire,0
16031453,mes réponses concernent principalement les ans que j ai passés en tant que mcf à clermont ferrand et peu les mois récents passés à grenoble,0
16040882,j ai obtenu mois de délégation cnrs en mutant cette année j ai été forcé à y renoncer donc je n ai jamais bénéficié de mois de décharge en pratique,1
16054196,j aime toujours enseigner mais sans heure supplémentaire ce serait mieux il n est plus possible de prendre de décharge depuis la ripec quand on s investit dans les tâches administratives cela perturbe l ensemble du système,1
16057316,j ai fait un burn out il y a ans le retour est très complexe impossibilité de proposer des aménagements convenables je suis donc à mi temps thérapeutique si j avais répondu il y a ans à votre formulaire c était surcharge sur tout avec trop d administratif trop d heures sup trop de politique et de responsabilités,0
16070983,je déplore une augmentation des étudiants avec un manque crucial d enseignants supports de postes suite à des départs à la retraite non pourvus d administratifs secrétaires et de techniciens,1
16081440,je suis en charge de la prépa intégrée polytech sophia beaucoup d administration quand j étais responsable pédagogique promo idem nous n avons plus le temps de parler pédagogie plus de relation avec l équipe enseignante car prepa pluridisciplinaire et chercheurs pas sur place encore plus compliqué depuis covid beaucoup de télé travail que je pratique moi aussi difficulté pour faire travailler les élèves et s adapter aux réformes du bac quand on prend des responsabilités pédagogiques l intérêt est de pouvoir faire évoluer les programmes avoir l impression de faire un travail de fond mais on fait seulement de l administration,1
16085518,le nombre d étudiants pas groupe de td et tp est fixé donc optimal par contre parfois pas assez d intervenants donc on jongle entre plusieurs salles de tps cela n a pas été le cas pour moi cette année mais cela arrive encore bcp dans les ues de l,0
16086275,il y a des années où nous sommes en sous effectifs de permanents et on se retrouve surchargés en encadrement stages alternances et en cours non rentables pour les vacataires avec un volume horaire faible,1
16090958,le contact humain avec le personnel de support est très bon le problème est leur manque en nombre et en capitalisation de compétence trop de turn over,1
16098846,je me dis qu une raison réelle de ma motivation est toujours de transmettre aux jeunes tout ce qu on sait et le plaisir est toujours là quand on est face aux étudiants,1
16104298,je suis responsable du master meef math m m tout seul nous sommes sensés être permanents mcf moi pu mais ont été recrutés en suisse et sont détachés depuis des années nous manquons clairement de bras,1
16109618,l evolution de la relation etudiant à l enseignement dispensé n est pas prise en compte difficulté de gestion de de la motivation etudiante de la question disciplinaire dans le supérieur,1
16117375,je fais partie des enseignants ayant perdu une part de rémunération significative suite à la suppression de l indemnité différentielle smic par la drfip,1
16163289,trop d étudiants mal orientés en l davantage que dans les autres filières scientifiques,0
16164005,je suis un enseignant plutôt heureux et privilégié,0
16188507,la fatigue commence à gagner,1
16373981,je suis en fin de carrière et mon investissement en pédagogie est moindre,1
16373993,l enseignement à distance de ces dernières années covid a été extrêmement perturbateur,1
16374158,perte de sens dans mon travail responsable de l informatique j accueille chaque année d étudiants qui savent qu ils n ont pas les compétences pour réussir chez moi mais la licence est considérée par l ensemble de la société comme la solution pour masquer la misère du monde j accueille des étudiants dont la place serait en bts ou en iut qui rêveraient d y aller et qui vont rester en échec ans en l avant de renoncer à tout espoir d études professionnelles,1
16374940,l enseignement n est pas le problème les tâches administratives le sont,0
16375463,j ai le privilège de n enseigner qu en master j aime enseigner à des étudiants motivés c est malheureusement de moins en moins le cas j enseigne des technologies qui se renouvellent régulièrement et il faut remettre les cm et les tps à jour tous les ans,0
16376389,charge d enseignement de plus en plus grande associée à de plus en plus de responsabilités administratives les étudiants sont toujours très motivant,1
16382332,j aime heureusement toujours enseigner l interaction avec les étudiant es est pour moi le poumon de notre métier moins d heures à faire nous permettrait vraiment de donner plus de temps pour améliorer la qualité de nos enseignements,0
16395311,on vient de m expliquer que h par an pendant ans la direction d une année d étude la gestion des edt papiers ca servait a rien pour avoir un poste si c est pas de la degradation de condition de travail ca y a aucune reconnaissance pour le travail d enseignementadministratif ca ecoeure,1
16403000,je n enseigne que dans des formations marginales à mes travaux de recherches qui sous tendent de nombreux stages non pourvus ces dernières années,0
16407883,on enseigne trop et l un des deux entre la qualité de recherche ou des enseignements en pâti faire heures de cours sans investissement ni évolution annuelle est plus intéressant financièrement que de monter en grade,1
16534360,trop de charges administratives pas assez d enseignants plus de temps pour faire un vrai service de recherche,1
16535037,activité chronophage récurrente non reconnue mettre en place puis maintenir à jour un tp d informatique sur des technologies récentes telles kubernetes par exemple demande beaucoup plus d efforts que ressortir le même td chaque année sur le tri à bulle pourtant ça pèse moins dans le service,1
16535155,je suis en délégation cnrs cette année,0
16535983,accroissement absurde des rigidités réglementaires mecc nb d évaluations directives hceres etc beaucoup trop d enseignement et pas assez de support adm,0
16536362,plus d assistance dans les tâches de gestion serait appréciable,0
16536755,j aime toujours enseigner mais pas dans toutes les conditions les cours en promotion entière en première année postbac sont de plus en plus difficiles,1
16536816,les quantités d évaluations contrôle continu avec épreuves minimum par matière sont extrêmement chronophages,1
16536960,sur la partie equipe pédagogique relations nombre très bonnes relations dans l équipe pédagogique mais manque de postes beaucoup de coûts cachés qui ne sont pas pris en compte dans les services et qui sont exacerbés avec la gestion actuelle des postes à l université mise en place de projet sae en but formations des atervacataires,1
16537389,travail à temps partiel d où peu d heures complémentaires,1
16537541,les conditions manque de collègues par rapport au nombre d étudiants et le principal problème cela ne permet pas comme le font les collègues dans d autres disciplines scientifiques de proposer des options aux étudiants on souhaiterait monter des formations qui ont du sens de type math info ou bio info mais impossible faute de moyen humain les heures statutaires couvrent environ des heures à faire en ayant rationaliser au maximum les formations tube on est même contraint de fermer des formations qui marchent bien flux d étudiants débouchés faut de bras et bien sûr tout redéploiement d un poste est une bataille de plusieurs années alors qu il en faudrait une bonne dizaine au moins les tâches administratives lourdes combiné aux enseignements freinent beaucoup l activité de recherche,0
16539184,j aime bien enseigner et j aime bien la recherche les deux se nourrissent,1
16539189,j ai une décharge d enseignement que je ne peux pas prendre et qui m est donc payée je fais donc mon service h heures complémentaires plus le travail de responsable de filière grosse filière,1
16541434,manque de considération manque d éthique mise au placard pour ceux qui ne suivent pas ou ne font pas partie de clans copinage,0
16543073,la charge administrative liée à l enseignement est en tel accroissement que la charge de travail dépasse h hebdomadaires soit la moitié du temps de travail effectué en benevolat pour un investissement non reconnu ou non gratifiant,1
16543253,de plus en plus de difficultés de trouver des chargés de td même en leur fournissant tous les supports pédagogiques et une formation ce qui me coute du temps je suis donc emmené a assurer des tds supplémentaires au détriment de ma recherche et de ma progression de carrière,0
16547402,charges administratives volume complexité ce point devient crucial dans notre inefficacité quotidienne,1
16547450,on manque de prof et ça empire la gestion des vacataires est chronophage et dans des volumes défavorables à la pédagogie les heures sup sont mal payés h td h de boulot smic l alternance est contre productive pour nous ok pour les étudiants ok pour les finances de l université mais embauchez des profs permanents,0
16548320,quel périmètre de décharge voulez vous évaluer décharge pour faire de la recherche ou autre décompte de référentiel je béneficie d heures pour une responsabilité de filière,1
16556636,je suis à,0
16557116,le mélange relation nombre support fait que la réponse n a pas beaucoup de sens j ai donc répondu plus sur le critère de la relation,0
16595783,j ai eu ans de délégation à ces dernières années j ai un peu enseigné une ue correspondant exactement à mon sujet de recherche de manière bénévole puisqu on ne peut pas être payé pour cela quand on est en délégation j ai donc une expérience récente très faible en enseignement si j ai souhaité ne pas enseigner c était à la fois pour me permettre de me consacrer à d autres tâches en me concentrant sur la recherche et sa gestion mais aussi du fait d une immense lassitude à enseigner à des publics peu investis dans leurs études enseigner à des étudiants intéressés est passionnant enseigner à des étudiants qui ne sont pas intéressés est épuisant d autant plus si nos supérieurs nous disent que si les étudiants ont des mauvais résultats c est parce qu on enseigne mal à cela s ajoutent les charges administratives qui croissent de manière irresponsables je vais à nouveau enseigner à la prochaine rentrée un demi service est déjà beaucoup quand on est fortement investi en recherche je comprends parfaitement que des collègues qui ne bénéficient pas de telles réductions de service aient du ressentiment mais il s agit d un problème de l université qui est sous dotée d une manière générale qui n a pas assez de volonté et d ambition pour soutenir l informatique situation également liée à des difficultés considérables de recrutement des enseignants chercheurs il est évident qu aujourd hui les postes d enseignants chercheurs ne font plus rêvés comme ils m ont fait rêver il y a plusieurs décennies cela fait plus de ans que je constate que le temps recherche est la variable d ajustement on nous incite voire nous demande de faire de la recherche une fois que tout le reste est fait non je suis enseignant chercheur et je fais ce métier pour faire de la recherche pas juste quand il me reste un peu de temps malgré les discours et la satisfaction de nos structures à afficher nos activités de recherche dans leurs rapports d évaluation celles ci sont très peu soutenues on arrive à faire de la recherche malgré notre environnement qui y est défavorable,0
16603184,sur au moins trois critères la mention relation nombre gagnerait à être considérée séparément en l occurrence les relations sont meilleures que le nombre insuffisant même le nombre induit des tensions sur la quantité de choses à faire,0
17704054,j aime toujours enseigner mais l administration de l enseignement est trop important dans mon poste actuel,1
18130377,il est plus coûteux à tout point de vue de chercher des intervenants et gérer leurs interventions que de faire les heures soi même je l ai fait au début de ma carrière autre collègue informaticien en délégation inria pdt ans puis arrêt mois à son retour septembre mise en place du but à coût constant,0
